Name,Number of titles in library
"Ab Hugh, Dafydd",2
"Abercrombie, Joe",1
"Adamski, George",1
"Aldiss, Brian",1
"Aldiss, Brian W.",9
"Aldiss, Brian W. & Harrison, Harry",1
"Aldiss, Brian W. & Wingrove, David",1
"Algren, Nelson",1
"Allen, Martin",1
"Allen, Roger MacBride",1
"Amis, Kingsley",4
"Amis, Kingsley & Conquest, Robert",1
"Anderson, Kevin David and Stall, Sam",1
"Anderson, Kevin J.",7
"Anderson, Poul",2
"Anghelides, Peter",1
Anonymous,2
"Anthony, Piers",3
"Archer, Nathan",1
"Arrowsmith, Nancy",1
"Ash, Brian",2
"Asimov, Isaac",17
"Asimov, Isaac {???}",1
"Asprin, Robert",3
"Asprin, Robert & Abbey, Lynn",1
"Atwood, Margaret",1
"Bachman, Richard (psd. Stephen King)",1
"Baen, James",2
"Bahnson, Agnew H.",1
"Bailey, Hilary",2
"Ball, Brian N.",2
"Ballantyne, Tony",1
"Ballard, J. G.",13
"Banks, Iain",1
"Banks, Iain M.",12
"Barjavel, René",2
"Barker, Clive",8
"Barker, Muhammad Abd-al-Rahman",1
"Barnes, John",7
"Barnes, Steven",1
"Barr, Donald",1
"Barrett, David V.",1
"Barrett, Neal",1
"Barringer, Leslie",1
"Barron, D. G.",1
"Barry, Ray (psd. Denis Hughes)",1
"Barth, John",1
"Bass, T. J.",2
"Baum, L. Frank",3
"Baxter, John",1
"Baxter, Stephen",12
"Bayley, Barrington J.",9
"Beagle, Peter S.",8
"Bear, David",1
"Bear, Elizabeth",2
"Bear, Greg",19
"Bearne, C. G.",1
"Beauman, Ned",1
"Bell, Alex",1
"Benford, Gregory",13
"Benford, Gregory and Brin, David",1
"Benson, D. R.",2
"Berger, Thomas",1
"Berk, Howard",1
"Bernanos, Michel",1
"Bernard, Christine",1
"Bernard, Rafe",1
"Berry, Adrian",1
"Berry, Bryan",1
"Bertin, Jack",1
"Bester, Alfred",13
"Bester, Alfred & Zelazny, Roger ",1
"Betancourt, John Gregory",1
"Bierce, Ambrose",3
"Biggle, Lloyd Jr.",10
"Billson, Anne",1
"Binder, Eando (psd. Otto Binder)",3
"Binney, Sarah",2
"Birkin, Charles",1
"Bischoff, David F. & Bailey, Dennis R. ",1
"Bishoff, David",1
"Bishop, Michael",8
"Bisson, Terry ",1
"Blackburn, John",1
"Blackwood, Algernon",1
"Blake, Nicholas",1
"Blatty, William Peter",1
"Blaylock, James P.",6
"Bleiler, Everett F. & Dikty, T. E. (eds.)",2
"Blish, James",35
"Blish, James ",2
"Blish, James & Knight, Normal L",1
"Blish, James & Lowndes, Robert",2
"Blish, James and Silverberg, Robert",1
"Bloch, Robert",3
"Bloom, W. W.",1
"Blow, Ernest J.",1
"Blumenfeld, Yorick",1
"Boardman, Tom",2
"Boardman, Tom (ed.)",2
"Boggon, Martyn",1
"Boland, John",2
"Bonanno, Margaret Wander",2
"Bond, J. Harvey",1
"Bone, J. F.",1
"Bonfiglioli, Kyril",1
"Boorman, John & Stair, Bill",1
"Borges, Jorge Luis",2
"Borges, Jorge Luis; Ocampo, Silvina & Casares, Adolfo Bioy",1
"Boucher, Anthony",7
"Boucher, Chris",1
"Boulle, Pierre",2
"Bounds, Sydney J.",1
"Boutin, Otto",2
"Bova, Ben",22
"Bova, Ben & Dickson, Gordon R.",1
"Boyd, John",4
"Boyer, E. H.",4
"Boyer, Robert H.",2
"Boyer, Robert H. & Zahorski, Kenneth ",1
"Brackett, Leigh",3
"Bradbury, Ray",23
"Bradbury, Ray & Bloch, Robert",1
"Bradbury, Ray (ed.)",1
"Bradley, Marion Zimmer",17
"Bradley, Marion Zimmer etc.",1
"Bradner, Gary",1
"Bradshaw, Gillian",1
"Bramah, Ernest",1
"Brand, Kurt",3
"Brandner, Gary",1
"Braun, Lilian Jackson",1
"Breggin, Peter",1
"Brenchley, Chaz",2
"Bretnor, Reginald",1
"Brett, Leo",3
"Brett, Peter V.",1
"Brewer, E. Cobham & Evans, Ivor H.",1
"Briggs, Katharine Mary",1
"Brin, David",14
"Brin, David & Benford, Gregory ",1
"Britain, Dan",1
"Brooke, Keith",1
"Brooks, Terry",10
"Brown, Charles N.",1
"Brown, Eric",4
"Brown, Fredric",8
"Broxon, Mildred Downey",1
"Brunner, John",46
"Brunner, John ",1
"Budrys, Algis",11
"Bujold, Lois McMaster",10
"Bulgakov, Mikhail Afanasevich & Glenny, Michael",1
"Bulgakov, Mikhaíl Afanasyevich",1
"Bulmer, H. Kenneth",8
"Bulmer, Kenneth",6
"Bunch, Chris",2
"Burke, John Frederick",4
"Burkett, William R.",1
"Burnett, Frances Hodgson",1
"Burroughs, Edgar Rice",26
"Burroughs, William",1
"Busby, F. M.",3
"Butcher, Jim",2
"Butler, Octavia E.",8
"Byant, Edward",1
"Cabell, James Branch",6
"Cadigan, Pat",1
"Caidin, Martin",1
"Caldecott, Moyra",1
"Calder, Richard",1
"Cameron, Lou",1
"Campbell, H. J.",2
"Campbell, John W.",13
"Campbell, Marion",1
"Campbell, Ramsey",2
"Camus, Albert",1
"Canavan, Trudi",4
"Cannell, Stephen J.",1
"Canning, Victor",1
"Capek, Karel",2
"Capon, Paul",2
"Capps, Carroll M.",1
"Card, Orson Scott",28
"Card, Orson Scott and Biggle, Lloyd Jr.",1
"Carey, Diane",10
"Carey, Diane & Braga, Brannon",1
"Carey, Diane & Kirkland, James I.",1
"Carey, Diane & Smith, Dean Wesley",1
"Carnell, John",26
"Carpenter, Rhys",1
"Carr, Jayge",1
"Carr, Terry",4
"Carroll, Jonathan",7
"Carroll, Lewis",2
"Carter, Angela",2
"Carter, Carmen",4
"Carter, Lin",17
"Cartmel, Andrew",1
"Carver, Jeffrey A.",2
"Casewit, Curtis W.",1
"Castle, Jeffrey Lloyd",1
"Cavanaugh, Sara",1
"Chadbourn, Mark",1
"Chalker, Jack L.",45
"Chambers, Robert W.",2
"Chambers, Robin",1
"Chance, Karen",1
"Chandler, A. Bertram",3
"Chant, Joy",2
"Chapdelaine, Perry Anthony",1
"Chapman, Andrew",1
"Chapman, Graham",1
"Chapman, V.",1
"Charbonneau, Louis",3
"Cheetham, Anthony (ed.)",1
"Cherryh, C. J.",45
"Chessnutt, Charles W.",1
"Chetwynd-Hayes, R.",2
"Christopher, John",12
"Ciencin, Scott",1
"Cissé, Souleymane",1
"Clancy, Tom",1
"Clark, Simon",1
"Clarke, A. G. C.",1
"Clarke, Arthur C.",37
"Clarke, Arthur C. & Benford, Gregory",1
"Clarke, Arthur C. & Lee, Gentry",2
"Clarke, Arthur C. (ed.)",1
"Clarke, Joan",1
"Clarke, Susanna",1
"Clayton, Jo",1
"Clemens, James",2
"Clement, Hal",14
"Clifton, Mark",2
"Clowes, Carolyn",1
"Clute, John",6
"Clute, John & Grant, John (eds.)",2
"Clute, John & Nicholls, Peter (eds.)",3
"Coblentz, Stanton A.",1
"Cobley, Michael",1
"Cockayne, Steve",1
"Cogswell, Theodore R.",2
"Cogswell, Theodore R. & Spano Jr., Charles A.",1
"Cohen, Larry",1
"Cole, Stephen (ed.)",1
"Colfer, Eoin",2
"Collier, John",1
"Collier, Leona",1
"Collier, Michael",1
"Collins, Hunt",1
"Collins, Suzanne",3
"Colvin, James",1
"Compton, D. G.",7
"Coney, Michael G.",9
"Conklin, Groff",12
"Conner, Michael",1
"Conner, Mike",1
"Constantine, Storm",4
"Cook, Hugh",1
"Cook, Robin",4
"Cooke, Catherine",1
"Coonts, Stephen",1
"Cooper, Edmund",19
"Cooper, Louise",1
"Cooper, Sonni",1
"Cooper, Susan",1
"Coppel, Alfred",1
"Corey, James S. A.",1
"Corey, Lee",2
"Cornell, Paul",3
"Cornwell, Bernard",1
"Corran, Mary",2
"Corston, George",1
"Coulson, Juanita",3
"Counselman, Mary Elizabeth",1
"Courtney, Vincent",1
"Cover, Arthur Byron",1
"Cowper, Richard",11
"Cox, Greg",3
"Craig, Brian",1
"Cramer, John",1
"Crandall, Melissa",1
"Creasey, John",3
"Cresswell, Helen",1
"Crews, Frederick C.",1
"Crichton, Michael",6
"Crispin, A. C.",4
"Crispin, Edmund",7
"Cross, John Keir",1
"Crossley-Holland, Kevin",3
"Crowley, John",5
"Crowther, Peter",1
"Cullen, Seamus",1
"Cummings, Ray",3
"Cunningham, Elaine",1
"Cunningham, Jere",1
"Curtis, Jean-Louis",1
"Cussler, Clive",2
"Dahl, Roald",1
"Daley, Brian",4
"Dalkey, Kara",2
"Danforth, Mildred",1
"Danielewski, Mark Z.",1
Dante,3
"Darlton, Clark",6
"Darlton, Clark ",1
"Datlow, Ellen",1
"Daventry, Leonard",2
"David, Graham",1
"David, Peter",18
"Davidson, Avram",17
"Davies, L.P.",5
"Davis, Brian",1
"Davis, Gerry",4
"Davis, Richard",1
"Davison, Al",2
"Day, David",1
"De Camp, L. Sprague ",1
"De Camp, L. Sprague & Carter, Lin",1
"De Camp, L. Sprague & Pratt, Fletcher ",1
"De Camp, L. Sprague etc.",1
"DeGraeff, Allen",1
"DeWeese, Gene",3
"Dear, William",1
"Deas, Stephen",1
"Debrandt, Don H.",1
"Deighton, Len",1
"Delaney, Joseph",4
"Delany, Samuel R.",19
"Dennis, Ian",1
"Derleth, August",10
"Dibell, Ansen",1
"Dibell, Anson",1
"Dick, Philip K.",52
"Dick, Philip K. & Nelson, Ray",2
"Dick, Philip K. & Nelson, Ray ",1
"Dick, Philip K. & Zelazny, Robert",1
"Dickinson, Peter",5
"Dicks, Terrance",39
"Dicks, Terrance & Hulke, Malcolm ",1
"Dickson, Gordon R.",42
"Dickty, T.E.",1
"Dillard, J. M.",4
"Dillard, J. M. & O'Malley, Kathleen",1
"Disch, Thomas M.",10
"Doherty, G.D.",1
"Dolan, Mike",1
"Donaldson, Stephen R.",12
"Douglas, Carole Nelson",2
"Doyle, Arthur Conan",2
"Dozois, Gardner",2
"Drake, David",3
"Duane, Diane",15
"Duncan, David",3
"Duncan, Hal",2
"Dunn, Saul",2
"Dvorkin, David",3
"Dvorkin, David & Dvorkin, Daniel",1
"Dye, Charles",1
"Earnshaw, Brian",1
"Ecklar, Julia",1
"Eddings, David",15
"Eddings, David & Eddings, Leigh",1
"Eddison, E. R.",4
"Effinger, George Alec",2
"Egan, Greg",13
"Egleton, Clive",1
"Ehrlich, Max",1
"Eklund, Gordon",2
"Elder, Michael",1
"Elgin, Suzette Haden",4
"Eliott, E. C.",2
"Elliott, Nathan",1
"Ellis, D. E.",1
"Ellis, Warren",10
"Ellison, Harlan",21
"Ellison, Harlan & Bryant, Edward ",1
"Elton, Ben",2
"Elwood, Roger",2
"Elwood, Roger (ed.)",3
"Emerson, Ru",1
"Engh, M. J.",1
"Engle, Eloise",1
"Erikson, Steven",1
"Evans, Christopher",5
"Evans, E. Everett",1
"Evans, I. O",1
"Fairfax, John (ed.)",1
"Fairman, Paul W.",3
"Fane, Bron",1
"Fanthorpe, R. L.",2
"Fanthorpe, R. L. & Fanthorpe, Patricia",3
"Farland, David",1
"Farley, Ralph Milne",2
"Farmer, Philip José",49
"Farrar, Stewart",1
"Farren, Mick",2
"Farris, John",1
"Fast, Howard",1
"Faucette, John M.",1
"Fear, W. H.",1
"Feehan, Christine",1
"Feintuch, David",6
"Feist, Raymond E.",11
"Feist, Raymond E. & Rosenberg, Joel",1
"Feist, Raymond E. & Wurts, Janny",3
"Ferguson, Brad",2
"Ferman, Edward L. (ed.)",4
"Fforde, Jasper",2
"Finney, Charles G.",2
"Finney, Jack",1
"Finney, Patricia",1
"Fisher, C.",2
"Fisher, James P.",1
"Fisher, Jude",2
"Fisk, Nicholas",1
"Flinn, Denny Martin",1
"Flint, Eric & Weber, David",1
"Follett, James",1
"Follett, Ken",1
"Fontana, D. C.",1
"Fontenay, Charles",1
"Ford, John M.",2
"Ford, Richard",1
"Foreman, Russell",1
"Forward, Robert L.",6
"Forward, Robert L. & Forward-Fuller, Julie ",1
"Foster, Alan Dean",16
"Foster, M. A.",2
"Foster, Robert",1
"Fowler, Christopher",1
"Fox, Gardner F.",8
"Francis, Richard H.",1
"Frank, Pat",1
"Franklin, Jay",1
"Fraser, George MacDonald",2
"Frayn, Michael",1
"Friedberg, Gertrude",1
"Friedman, C. S.",1
"Friedman, Michael Jan",10
"Friedman, Michael Jan & Golden, Christie ",1
"Friedman, Michael Jan & Ryan, Kevin ",1
"Friedman, Michael Jan & Stern, Dave",1
"Friesner, Esther M.",1
"Fulton, Roger",1
"Fyfe, H. B.",1
"Gabaldon, Diana",2
"Gaiman, Neil",17
"Gaiman, Neil & Kramer, Ed ",1
"Galanter, Dave & Brodeur, Greg",1
"Gallagher, Steve",1
"Gallouye, Daniel F.",5
"Gantz, Kenneth F.",1
"Garcia Marquez, Gabriel",1
"Gardner, Craig Shaw",1
"Gardner, John",1
"Gardner, Martin",1
"Garfield, Leon",1
"Garner, Alan",11
"Garnett, David S.",2
"Garnett, David S. (ed.)",2
"Garrett, Randall",2
"Gaskell, Jane",3
"Gatiss, Mark",1
"Gawron, Jean Mark",1
"Gay, Anne",2
"Gearhart, Sally Miller",1
"Gedge, Pauline",1
"Gee, Sue",1
"Gemmell, David",19
"Gendall, Stuart",1
"Gentle, Mary",12
"George, David R. III & Shimerman, Armin ",1
"Gerrold, David",7
"Geston, Mark S.",2
"Gibson, William",7
"Gilbert, C. M.",1
"Gilden, Mel",1
"Gilliam, Terry",1
"Gilster, Paul",1
"Glass, Justine",1
"Gleick, James",1
"Godwin, Parke",1
"Godwin, Tom",1
"Gold, H. L.",1
"Gold, H. L. (ed.)",2
"Golden, Christie",1
"Golden, Christopher",3
"Golden, Christopher & Holder, Nancy",2
"Golden, Christopher & Sniegoski, Thomas E.",1
"Goldman, William",1
"Goldstein, Lisa",1
"Goodkind, Terry",4
"Gordon, Rex",3
"Gordon, Richard",1
"Gordon, Stuart",6
"Gotlieb, Phyllis",1
"Goulart, Ron",4
"Grabien, Deborah",1
"Grady, James",1
"Graf, L. A.",5
"Grant, Matthew",1
"Grant, Rob",2
"Graves, Robert",1
"Gray, Muriel",1
"Gray, Nicholas Stuart",3
"Grazier, James",1
"Greeley, Andrew M.",1
"Green, Jen",1
"Green, Jonathan",1
"Green, Joseph",5
"Green, Simon R.",7
"Greenberg, Martin",2
"Greenberg, Martin (ed.)",2
"Greenberg, Martin H. (ed.)",1
"Greenberg, Rosalind M.",1
"Greenberger, Robert",1
"Greenfield, Irving A.",2
"Greenhough, Terry",2
"Greenland, Colin",10
"Gregory, John",1
"Gribbin, John & Chown, Marcus",1
"Griffith, Nicola",1
"Grimwade, Peter",1
"Grimwood, Jon Courtenay",4
"Grimwood, Ken",1
"Grinnell, David",1
"Grishin, Nikolai",1
"Grossman, Lev",2
"Guin, Wyman",1
"Gunn, James E.",6
"Gunn, James E. & Sturgeon, Theodore ",1
"Gutteridge, Lindsay",2
"Hackett, John",3
"Haddon, Mark",1
"Hadley, Franklin",1
"Haggard, H. Rider",1
"Hague, G. M.",1
"Haile, Terence",1
"Haining, Peter",1
"Haining, Peter ",3
"Haining, Peter et al.",1
"Haldeman, Joe W.",13
"Haldeman, Joe W. & Haldeman, Jack C. II",1
"Haldeman, Linda",1
"Hall, Austin & Flint, Homer Eon",1
"Hall, Ronald",1
"Hallahan, William H.",1
"Halperin, James L.",1
"Hambly, Barbara",12
"Hamilton, Alex (ed.)",1
"Hamilton, Donald",1
"Hamilton, Edmond",10
"Hamilton, Laurell K.",2
"Hamilton, Peter F.",13
"Hancock, Niel",2
"Hand, Elizabeth",2
"Hansen, Vern",1
"Harbinson, W. A.",1
"Hardy, Lyndon",3
"Harker, Kenneth",2
"Harman, Andrew",1
"Harness, Charles L.",8
"Harris, Geraldine",8
"Harris, John Beynon",1
"Harris, Robert",1
"Harris, Rosemary",2
"Harrison, Harry",57
"Harrison, Harry & Aldiss, Brian",11
"Harrison, Harry & Bischoff, David",1
"Harrison, Harry & Dickson, Gordon R.",1
"Harrison, Harry & Sheckley, Robert",1
"Harrison, Harry & Stover, Leon",1
"Harrison, Harry and Minsky, Marvin",1
"Harrison, M. John",9
"Harrison, Payne",1
"Harrison, William",1
"Hartley, L. P.",1
"Hartwell, David G. & Fadiman, Clifton ",1
"Hary, Jacob & Keshishi John M. ",1
"Hatto, A. T.",1
"Hawke, Simon",5
"Hawkins, Jane E.",1
"Hay, George (ed.)",2
"Haydon, Elizabeth",1
"Hayles, Brian",1
"Hearn, Lian",4
"Heinlein, Robert A.",44
"Heller, Joseph",1
"Helprin, Mark",1
"Henderson, Zenna",4
"Henneberg, N. C.",1
"Herbert, Brian ",1
"Herbert, Brian & Anderson, Kevin J.",1
"Herbert, Frank",22
"Herbert, Frank & Herbert, Brian",1
"Herbert, Frank & Ransom, Bill ",1
"Herbert, James",1
"Herzog, Arthur",1
"Hesky, Olga",1
"Hesse, Hermann",1
"High, Philip E.",5
"Hill, Douglas",2
"Hill, Douglas (ed.)",1
"Hill, Reginald",1
"Hillerman, Tony",1
"Hinchcliffe, Philip",3
"Hinz, Christopher",2
"Hitchcock, Alfred",3
"Hjortsberg, William",1
"Hobb, Robin",13
"Hoch, Edward D.",1
"Hodder-Williams, Christopher",2
"Hodgell, Patricia C.",1
"Hodgson, William Hope",2
"Hoffman, Lee",1
"Hoffman, Nina Kiriki",1
"Hogan, James P.",7
"Holder, Nancy",1
"Holdstock, Robert",8
"Holland, Cecelia",1
"Hollander, Lee M. (trans.)",1
"Holly, J. Hunter",2
"Holt, Conrad G.",1
"Holt, Tom",20
"Honeycombe, Gordon",1
"Hopen, Stuart",1
"Hoskins, Robert (ed.)",2
"Household, Geoffrey",2
"Howard, Ivan (ed.)",5
"Howard, Jonathan L",1
"Howard, Robert E.",4
"Howard, Robert E. & De Camp, L. Sprague",3
"Howard, Robert E. & De Camp, L. Sprague (ed.)",1
"Howard, Robert E. etc.",1
"Hoyle, Fred",3
"Hoyle, Fred & Elliot, John",1
"Hoyle, Fred & Hoyle, Geoffrey",5
"Hoyle, Fred & Wickramasinghe, Chandra",1
"Hoyle, Trevor",2
"Hubbard, L. Ron",3
"Hughart, Barry",1
"Hughes, Denis",1
"Hughes, Robert Don",2
"Hulke, Malcolm",3
"Hunt, Gill",1
"Hunter, Mollie",1
"Huntley, Tim",1
"Huxley, Aldous",2
"Hyne, C. J. Cutliffe",1
"Ings, Simon",2
"Jackson, Robert (ed.)",1
"Jackson, Steve",5
"Jackson, Steve & Livingstone, Ian",2
"Jacques, Brian",7
"Jahn, Mike",2
"Jakes, John",8
"Jakober, Marie",1
"Jakobsson, Ejler",2
"Jakubowski, Maxim (ed.)",1
"James, John",1
"James, Laurence",2
"James, Montague Rhodes",1
"Jameson, Malcolm",1
"Janifer, Laurence M.",4
"Janifer, Laurence M. (ed.)",1
"Jarrett, David",1
"Javor, F. A.",1
"Jeapes, Ben",1
"Jemisin, N. K.",2
"Jeppson, J. O.",1
"Jeter, K. W.",3
"Jeunet, Jean-Pierre & Caro, Marc",1
"Johns, Captain W. E.",1
"Johnson, Kij & Cox, Greg",1
"Johnston, Antony",1
"Jones, D. F.",4
"Jones, Diana Wynne",36
"Jones, Duncan",1
"Jones, Gwyneth A.",4
"Jones, H. Spencer",1
"Jones, Julie Victoria",4
"Jones, Langdon",2
"Jones, Neil R.",5
"Jones, Raymond F.",6
"Jones, Terry",1
"Joon-ho, Bong",1
"Jordan, Robert",15
"Jordan, Robert and Sanderson, Brandon",3
"Jorgensen, Ivar",2
"Joyce, Graham",3
"Judd, Cyril",2
"Juster, Norton",1
"Kagan, Janet",1
"Kapp, Colin",11
"Karig, Walter",1
"Karp, David",1
"Karr, Phyllis Ann",1
"Kavan, Anna",1
"Kaveney, Roz Ed ",1
"Kay, Guy Gavriel",10
"Kellerman, Jonathan",1
"Kelley, Leo P.",5
"Kelly, Richard",2
"Kendall, Carol",1
"Keneally, Thomas",1
"Kern, Gregory",6
"Kerr, Katharine",8
"Keyes, Daniel",1
"Keyes, Noel",1
"Keyhoe, Donald E.",1
"Kilian, Crawford",1
"Killough, Lee",2
"Kilworth, Garry",3
"King, Stephen",29
"King, Stephen & Straub, Peter ",1
"King, Vincent",3
"Kinsella, Thomas (trans.)",1
"Kipling, Rudyard",2
"Kirk, Richard",1
"Klass, Judy",1
"Klein, Gerard",1
"Klein, T. E. D.",1
"Kline, Otis Adelbert",1
"Kneale, Nigel",1
"Knight, Damon",21
"Knight, Damon (ed.)",18
"Kolosimo, Peter",1
"Koontz, Dean",6
"Koontz, Dean & Gorman, Ed",1
"Kornbluth, C. M.",6
"Kornbluth, Mary (ed.)",1
"Kostova, Elizabeth",1
"Kotzwinkle, William",1
"Kraspedon, Dino",1
"Krauss, Lawrence M.",1
"Kress, Nancy",2
"Kring, Michael",1
"Kube-McDowell, Michael P.",1
"Kunuk, Zacharias",1
"Kurland, Michael",2
"Kurtz, Katherine",13
"Kurtz, Katherine & Kaluta, Michael William",1
"Kurtz, Katherine & MacMillan, Scott",1
"Kurtén, Björn",1
"Kushner, Ellen",1
"Kuttner, Henry",7
"Kyle, David A.",1
"Kyogoku, Natsuhiko",1
"L'Engle, Madeleine",7
"Lackey, Mercedes",2
"Lackey, Mercedes & Dixon, Larry ",1
"Lafferty, R.A.",8
"Lampoon, Harvard",1
"Landy, Derek",3
"Lane, Andy",2
"Lane, Andy (Ed.)",1
"Langart, Darrel T.",1
"Langford, David",4
"Langford, David & Grant, John",1
"Lansdale, Joe R.",1
"Laski, Marganita",1
"Lau, Miller",2
"Laumer, Keith",39
"Laumer, Keith & Brown, Rosel George",1
"Lawhead, Steve",13
"Lawrence, H.L.",1
"Le Guin, Ursula K.",29
"Lebaron, Anthony",1
"Lee, Edna",1
"Lee, Elizabeth (Ed.)",1
"Lee, Tanith",25
"Lee, Vernon",1
"Leiber, Fritz",17
"Leiber, Justin",1
"Leinster, Murray",11
"Lem, Stanislaw",10
"Lem, Stanislaw & Kandel, Michael ",1
"Leonard, Paul",1
"Lerman, Rhoda",1
"Leslie, Desmond",1
"Leslie, Peter",1
"Lesser, Milton",1
"Lessing, Doris May",4
"Lethem, Jonathan",2
"Letts, Barry",1
"Levene, Malcolm",1
"Levene, Philip",1
"Levin, Ira",2
"Levy, Roger",2
"Lewis, C. S.",10
"Lewis, C.S.",1
"Lewis, Richard",1
"Lewis, Roy",1
"Lieber, Fritz",12
"Lieberman, Herbert",1
"Lindholm, Megan",3
"Lindsay, David",1
"Lindsay, Douglas (ed.)",1
"Lindskold, Jane",4
"Livesey, Eric M.",1
"Livingstone, Ian",3
"Llewellyn, Alun",1
"Logan, Charles",1
"Long, Frank Belknap",9
"Longyear, Barry B.",2
"Lorrah, Jean",3
"Lory, Robert",1
"Lott, S. Makepeace",1
"Louvish, Simon",1
"Lovecraft, H. P.",21
"Lovegrove, James",4
"Lovesey, Andrew",1
"Low, A.M.",1
"Luceno, James ",1
"Ludlam, Harry",1
"Lumley, Brian",1
"Lundwall, Sam J.",1
"Lupoff, Richard A.",5
"Lymington, John",9
"Lynn, Elizabeth A.",7
"Lyons, Steve",2
"MacApp, C.C.",2
"MacAvoy, R. A.",11
"MacDonald, George",3
"MacDonald, John D.",1
"MacLeod, Ken",10
"MacLeod, Sheila",1
"Macardle, Dorothy",1
"Mackleworth, R.W,",2
"Magnusson, Magnus",1
"Magrs, Paul",1
"Magrs, Paul & Hoad, Jeremy ",1
"Maguire, Gregory",1
"Mahr, Kurt",1
"Mahr, Kurt & Shols, W. W.",1
Main Author,1
"Maine, Charles Eric",3
"Malzberg, Barry N.",2
"Mancour, T. L.",1
"Mann, George",2
"Mannheim, Karl",2
"Manning, Matthew",1
"Marcus, Ben",1
"Marguiles, Leo",4
"Marillier, Juliet",1
"Markham, Robert",1
"Marshak, Sondra",1
"Marshak, Sondra & Culbreath, Myrna",2
"Marsters, James ",1
"Marter, Ian",4
"Martin, George R. R.",10
"Martin, Graham Dunstan",1
"Masefield, John",2
"Mason, Douglas R.",2
"Masson, David I.",1
"Masterton, Graham",1
"Matheson, Richard",8
"Matthews, Rodney",1
"Maxwell, Ann",1
"Maxwell, John C.",1
"May, Jonathan",1
"May, Julian",10
"McAuley, Paul J.",11
"McCaffrey, Anne",24
"McCammon, Robert R.",1
"McCarthy, Wil",1
"McCauley, Kirby",1
"McCay, Bill & Flood, Eloise",1
"McConnell, Ashley",1
"McConnell, Brian",1
"McCormack, Una",5
"McCormack, Una & Jarman, Heather ",1
"McCrumb, Sharyn",1
"McCullough, Colleen",1
"McDaniel, David",1
"McDevitt, Jack",1
"McDonald, Ian",5
"McGirt, Dan",1
"McGuire, Bill",1
"McHugh, Maureen F.",2
"McIntosh, J.T.",5
"McIntyre, Vonda N.",8
"McIntyre, Vonda N.; Brooks, Terry & Bennett, Harve",1
"McKenna, Juliet E.",2
"McKenna, Richard",1
"McKillip, Patricia A.",5
"McKinley, Robin",1
"McLaughlin, Dean",2
"McLoughlin, John C.",1
"McMullen, Sean",1
"Mccaffrey, Anne & Scarborough, Elizabeth Anne",2
"Mead, Harold",1
"Mead, Shepherd",1
"Meaney, John",3
"Medaris, J.B.",1
"Meluch, R. M.",1
"Mendelsohn, Felix Jr.",1
"Menzies, William Cameron",1
"Merak, A.J.",1
"Meredith, Richard C.",1
"Merril, Judith (ed.)",15
"Merritt, Abraham",1
"Merwin Jr., Sam",1
"Messingham, Simon",1
"Meyers, Roy",1
"Meynard, Yves",1
"Miall, Robert",1
"Middleton, Richard",1
"Millard, Joseph",1
"Miller, Frank",1
"Miller, Karen",3
"Miller, Walter M.",5
"Milligan, Peter",1
"Mills, Craig",1
"Mills, Robert",1
"Mills, Robert (ed.)",6
"Milton, John",1
"Milán, Victor",1
"Minsky, Marvin & Harrison, Harry",1
"Mirlees, Hope",1
"Mistral, Bengo",1
"Mitchell, David",1
"Mitchell, J. Leslie",1
"Mitchell, Sandy",1
"Mitchell, V. E.",2
"Mitchison, Naomi",2
"Miéville, China",7
"Modesitt, L. E.",15
"Modesitt, L. E. Jr.",1
"Moffatt, James",1
"Moffitt, Donald",1
"Mohs, Mayo (ed.)",1
"Monaco, Richard",1
"Monsarrat, Nicholas",1
"Moon, Elizabeth",5
"Mooney, Ted",1
"Moorcock, Michael",87
"Moorcock, Michael & Cawthorn, James",1
"Moore, Alan",2
"Moore, C. L.",2
"Moore, C.L.",2
"Moore, Patrick",3
"Moore, Ward",2
"Morgan, Dan",6
"Morgan, Richard K.",6
"Moriarty, Chris",1
"Morland, Dick",1
"Morressy, John",3
"Morris, Janet E.",3
"Morris, William",2
"Morrow, James",4
"Mortimore, Jim",1
"Mortimore, Jim (ed.)",1
"Morton, Patricia",1
"Morwood, Peter",3
"Moskowitz, Sam (Ed.)",1
"Moskowitz, Sam (ed.)",8
"Mosse, Kate",1
"Muller, John",4
"Munn, H. Warner",1
"Murakami, Haruki",3
"Murdock, M. S.",1
"Mór, Caiseal",2
"Nation, Terry",1
"Naylor, Doug",1
"Naylor, Grant",2
"Neason, Rebecca",1
"Neill, Robert",1
"Nesbit, E.",1
"Neville, Kris",3
"Newman, Kim",3
"Nicholls, Peter",3
"Nichols, Adam",1
"Niffenegger, Audrey",1
"Nimoy, Leonard",3
"Niven, Larry",37
"Niven, Larry & Barnes, Steven",3
"Niven, Larry & Pournelle, Jerry",4
"Niven, Larry & Pournelle, Jerry ",1
"Niven, Larry and Pournelle, Jerry",2
"Niven, Larry; Pournell, Jerry & Barnes, Steven",1
"Nix, Garth",2
"Nolan, William F.",2
"Nolan, William F. & Johnson, George Clayton",1
"Nolan, William F. (Ed.)",5
"Nolan, William F. (ed.)",1
"Noon, Jeff",5
"Noriss, Andrew",1
"Norman, John",7
"North, Eric",1
"North, Ryan (ed.)",1
"Norton, Alden H. (Ed.)",1
"Norton, Andre",28
"Norton, Andre & Edghill, Rosemary ",1
"Norton, Andre & McConchie, Lyn",1
"Norton, Mary",2
"Nourse, Alan E.",7
"Novik, Naomi",5
"O'Brien, Flann",1
"O'Brien, Robert C.",1
"O'Donnell, Kevin",1
"O'Neill, Joseph",1
"Offutt, Andrew J.",3
"Olander, Joseph D. & Greenberg, Martin Harry",1
"Oliver, Chad",2
"Oltion, Jerry",3
"Ore, Rebecca",1
"Orwell, George",1
"Ottum, Bob",1
"Pachter, Josh",1
"Packard, Edward",1
"Page, Thomas",2
"Palahniuk, Chuck",1
"Palmer, Jane",1
"Pangborn, Edgar",6
"Panshin, Alexei",5
"Panshin, Alexei & Panshin, Cory",1
"Pape, Richard",1
"Pargeter, Edith",1
"Parry, Michel",2
"Parry, Michel & Subotsky, Milton ",1
"Parry, Michel (ed.)",1
"Paul, Barbara",1
"Paull, Laline",1
"Paxson, Diana L.",2
"Peake, Mervyn",7
"Pedler, Kit",2
"Peel, John",1
"Peirce, Hayford",2
"Perry, Steve",2
"Perry, Steve & Perry, Stephani",1
"Petaja, Emil",1
"Peters, L. T.",1
"Petrie, Doug",1
"Phillips, Julie",1
"Pickersgill, Frederick (ed.)",1
"Pierce, Tamora",4
"Piper, H. Beam",10
"Pirinçci, Akif",1
"Plante, Richard La",1
"Platt, Charles",8
"Plunkett, Edward, Lord Dunsany",8
"Poe, Edgar Allan",3
"Poe, Edgar Allan & Verne, Jules",1
"Pohl, Frederik",39
"Pohl, Frederik & Del Rey, Lester ",1
"Pohl, Frederik & Kornbluth, C. M.",4
"Pohl, Frederik & Thomas, Thomas T.",1
"Pournelle, Jerry",13
"Pournelle, Jerry & Carr, John F. ",1
"Pournelle, Jerry & Green, Roland",1
"Pournelle, Jerry & Stirling, S. M.",1
"Powers, Tim",14
"Pratchett, Terry",49
"Pratchett, Terry and Baxter, Stephen",1
"Pratchett, Terry; Stewart, Ian; Cohen, Jack S.",2
"Pratt, Fletcher",1
"Pratt, Fletcher ",2
"Pratt, Fletcher & De Camp, L. Sprague",1
"Price, E. Hoffmann",1
"Priest, Christopher",11
"Pringle, David",2
"Pringle, David (ed.)",1
"Pryce, Malcolm",3
"Pullman, Philip",2
"Pynchon, Thomas",1
"Quick, William T",1
"Rackham, John",2
"Rajaniemi, Hannu",1
"Randall, Robert",3
"Rankin, Robert",9
"Rankine, John",7
"Ransome, Arthur",1
"Ranzetta, V.",1
"Raphael, Rick",2
"Ratcliff, Ruth",1
"Rathbone, Wendy & Schuster, Hal",1
"Rawn, Melanie",1
"Rawson, Clayton",1
"Ray, Robert",3
"Rayner, Claire",2
"Rayner, Jacqueline ",1
"Reade, Quinn",1
"Reamy, Tom",1
"Reaves, Michael",2
"Reed, David V.",1
"Reed, Kit",1
"Reed, Robert",3
"Reeve, Philip",2
"Reeves-Stevens, Garfield",1
"Reeves-Stevens, Garfield & Reeves-Stevens, Judith",1
"Reichert, Mickey Zucker",4
"Renault, Mary",1
"Resnick, Michael D.",6
"Resnick, Micheal D. (ed.)",1
"Reynolds, Alastair",9
"Reynolds, David West",2
"Reynolds, Mack",8
"Rhinehart, Luke",2
"Rhodan, Perry",1
"Rhys, Jack",1
"Rice, Anne",4
"Richards, Justin",2
"Richmond, Walt & Richmond, Leigh",1
"Roberson, Jennifer",1
"Roberts, Adam",4
"Roberts, Keith",11
"Roberts, Lionel",2
"Robinson, Frank M.",1
"Robinson, Kim Stanley",8
"Robinson, Philip Bedford",1
"Robinson, Spider",4
"Robinson, Spider & Robinson, Jeanne",1
"Robson, Justina",1
"Rohan, Michael Scott",5
"Rome, David",1
"Rosenberg, Joel",2
"Rosney-Aîné, J. H.",1
"Ross, Joseph (ed.)",1
"Rothfuss, Patrick",3
"Rottensteiner, Franz",1
"Rowley, Christopher",4
"Rowling, J. K.",6
"Rucker, Rudolf v. B.",1
"Rucker, Rudy",6
"Rusch, Kristine Kathryn",2
"Rushdie, Salman",1
"Russ, Joanna",5
"Russell, Alan K. (ed.)",1
"Russell, Eric Frank",12
"Russell, Gary",1
"Russell, Ken",1
"Russell, Ray",1
"Russo, Richard Paul",2
"Ryan, Charles C. (ed.)",1
"Ryan, Thomas J",1
"Ryman, Geoff",2
"Saberhagen, Fred",20
"Sackett, Susan",1
"Sagan, Carl",1
"Saha, Arthur W.",1
Saki,1
"Salvatore, R. A.",1
"Sambrot, William",1
"Sanderson, Brandon",3
"Sanderson, Ivan T.",3
"Santesson, Hans Stefan",2
"Sapir, Richard & Murphy, Warren",1
Sarban,1
"Sargent, Pamela",1
"Sargent, Pamela & Zebrowski, George ",1
"Sargent, Pamela (ed.)",2
"Savage, Felicity",2
"Savory, Gerald",1
"Sawyer, Robert J.",1
"Sawyer, W.W.",1
"Saxon, Richard",3
"Saxton, Josephine",2
"Schaffner, Franklin J.",1
"Scheer, Karl-Herbert & Mahr, Kurt",3
"Schmitz, James H.",6
"Scithers, George H. & Schweitzer, Darrell (eds.)",1
"Scortia, Thomas N.",2
"Scott, Jody",1
"Scott, Melissa and Barnett, Lisa A.",1
"Sellings, Arthur",5
"Sharee, Keith",1
"Shatner, William",5
"Shatner, William; Reeves-Stevens, Judith & Reeves-Stevens, Garfield",1
"Shaw, Bob",28
"Shaw, Larry T. (ed.)",1
"Shea, Michael",1
"Shea, Robert",1
"Shea, Robert ",1
"Shea, Robert & Wilson, Robert Anton",2
"Sheckley, Robert",26
"Sheffield, Charles",8
"Shelley, Mary",1
"Shepard, Leslie (ed.)",1
"Shepard, Lucius",2
"Sherwood, Martin",1
"Shiel, M.P.",1
"Shiner, Lewis",1
"Shippey, T. A.",1
"Shiras, Wilmar H.",1
"Shirley, John",2
"Shirley, Robert",1
"Shusterman, Neal",1
"Shute, Nevil",2
"Shwartz, Susan",1
"Sibley, Brian",2
"Silverberg, Robert",69
"Simak, Clifford",1
"Simak, Clifford D.",38
"Simmonds, Hugh",1
"Simmons, Dan",3
"Singer, Kurt (ed.)",1
"Siodmak, Curt",3
"Sissons, Michael (ed.)",1
"Sky, Kathleen",1
"Sladek, John",8
"Sleator, William",1
"Sloane, William",1
"Smeds, Dave",1
"Smith, Clark Ashton",6
"Smith, Cordelia Titcomb (ed.)",1
"Smith, Cordwainer",8
"Smith, Dean Wesley",1
"Smith, Dean Wesley & Rusch, Kristine Kathryn",3
"Smith, E. E.",22
"Smith, E.E. & Goldin, Stephen",3
"Smith, George H.",5
"Smith, George Oliver",1
"Smith, Gus",1
"Smith, L. Neil",2
"Smith, Michael Marshall",2
"Smith, Robert A.",1
"Snodgrass, Melinda",1
"Sohl, Jerry",3
"Somers, Bart",2
"Sonnenfeld, Barry",1
"Sosna, Sharon",1
"Southern, Terry",1
"Speed, Donald (ed.)",1
"Spinrad, Norman",17
"Springer, Nancy",1
"St. Clair, Margaret",1
"Stableford, Brian M.",20
"Stanton, Mary",2
"Stapledon, Olaf",7
"Stasheff, Christopher",3
"Staton, Mary",1
"Steele, Allen M.",1
"Stephenson, Andrew M.",1
"Stephenson, Neal",8
"Stephenson, Neal & George, Frederick ",1
"Sterling, Bruce",4
"Stern, Philip Van Doren (ed.)",1
"Stevens, Francis",1
"Stevenson, Robert Louis",1
"Stewart, Bruce",1
"Stewart, Fred Mustard",1
"Stewart, George R.",1
"Stewart, Mary",6
"Stewart, Sean",1
"Stirling, S. M.",1
"Stoker, Bram",3
"Stoker, Bram & Haining, Peter",1
"Stone, Brian",1
"Stone, Dave",1
"Stover, Leon Eugene  & Harrison, Harry Max",1
"Straub, Peter",1
"Strick, Philip",1
"Strieber, Whitley",1
"Strieber, Whitley & Kunetka, James W. ",1
"Stross, Charles",4
"Strugatsky, Arkady",1
"Strugatsky, Arkady & Strugatsky, Boris",2
"Strutton, Bill",1
"Sturgatsky, Arkady & Sturgatsky, Boris",1
"Sturgeon, Theodore",18
"Sullivan, Tim",1
"Sullivan, Tricia",1
"Summers, Montague",1
"Sutcliff, Rosemary",1
"Sutton, Jeff",2
"Swainston, Steph",5
"Swann, Ingo",1
"Swann, Thomas Burnett",5
"Swanwick, Michael",4
"Swift, J",1
"Szilard, Leo",1
"Taine, John",2
"Takahashi, Rumiko",4
"Tarr, Judith",2
"Taylor, Andrew",1
"Taylor, G. Rattray",1
"Taylor, Jeri",1
"Taylor, Roger",1
"Tedford, William",1
"Temple, William F.",2
"Tenn, William",8
"Tenn, William and van Arnam, Dave",1
"Tennyson, Alfred & Cecil, David (ed.)",1
"Tepper, Sheri S.",14
"Tevis, Walter S.",3
"Theroux, Paul",1
"Thomas, Craig",3
"Thomas, D. M.",1
"Thomas, Theodore L. & Wilhelm, Kate",1
"Thomas, Thomas T. & Zelazny, Roger",1
"Thompson, Ernest Victor",1
"Thompson, Paul B.",1
"Thompson, W. R.",2
"Thurber, James",2
"Tilley, Patrick",7
"Tiptree, James Jr.",8
"Tolkien, J. R. R.",9
"Tolkien, J. R. R. ",1
"Toolis, Lorna & Skeet, Michael (eds.)",1
"Torro, Pel",4
"Townsend, W.",1
"Tralins, Robert",1
"Tregillis, Ian",3
Trevanian,1
"Trevor, Elleston",1
"Trimble, Louis",1
"Trout, Kilgore",1
"Tubb, E. C.",17
"Tucker, Mike & Perry, Robert ",1
"Tucker, Wilson",8
"Turtledove, Harry",10
"Tweed, Thomas F.",1
"Tyler, J. E. A.",1
"Underwood, Tim & Miller, Chuck",1
Unknown author(s) of Beowulf,1
"Vallejo, Doris",1
"Van Greenaway, Peter",1
"Van Hise, Della",1
"Van Loden, Erle",1
"Van Lusbader, Eric",1
"Vance, Jack",43
"VanderMeer, Jeff",3
"Vardeman, Robert E.",5
"Vardeman, Robert E. & Milan, Victor ",1
"Varley, John",10
"Velikovsky, Immanuel",1
"Vercors [Bruller, Jean]",1
"Verne, Jules",8
"Vernes, Henry",1
"Verseau, Dominique",1
"Viereck, George Sylvester & Eldridge, Paul",1
"Vincent, Harl",1
"Vinge, Joan D.",4
"Vinge, Vernor",12
"Visiak, E. H.",1
"Vonnegut, Kurt Jr.",14
"Vornholt, John",7
W. W.,2
"Wadey, Victor",1
"Wagner, Karl Edward",2
"Wahloo, Peter",1
"Waldrop, Howard",1
"Wallace, F. L.",1
"Wallman, Jeffrey M.",1
"Walters, Hugh",3
"Walters, Nick",1
"Walton, Evangeline",4
"Wangerin Jr., Walter",1
"Ward, Henry",2
"Warner, Sylvia Townsend",1
"Warrington, Freda",3
"Water, Silas",1
"Waterfield, Robin",1
"Watkins, William Jon",2
"Watson, Ian",29
"Watson, Ian (Ed.)",1
"Watt-Evans, Lawrence",2
"Wayne, Hammond",1
"Weaver, Michael",1
"Webb, Forrest",1
"Webber, Collin",1
"Weber, David",4
"Wedgelock, Colin",1
"Weinbaum, Stanley G.",3
"Weinberg, Robert E.",2
"Weiner, Ellis",2
"Weinstein, Howard",7
"Weir, Andy",1
"Weis, Margaret",5
"Weis, Margaret & Hickman, Tracy",9
"Weis, Margaret & Hickman, Tracy (eds.)",1
"Weiss, Bobbi J. G. & Weiss, David Cody",1
"Wellard, James",1
"Wells, Angus",1
"Wells, Barry",1
"Wells, H. G.",19
"Wells, Robert",3
"West, Wallace",1
"Westall, Robert",1
"Weston, Peter",1
"Weston, Peter etc.",1
"Wheatley, Dennis",7
"Whitaker, David",1
"Whitborn, John",1
"White, James",22
"White, Jon Ewbank Manchip",1
"White, T. H.",2
"Whyte, Jack",1
"Wilgus, Neal",1
"Wilhelm, Kate",12
"Willeford, Charles",1
"Williams, Paul O.",2
"Williams, Robert Moore",4
"Williams, Tad",6
"Williams, Walter Jon",11
"Williams-Ellis, Amabel",1
"Williams-Ellis, Amabel (ed.)",2
"Williamson, Jack",10
"Williamson, Jack & Pohl,  Frederik ",2
"Williamson, Jack & Pohl, Frederik",1
"Williamson, Michael Z.",1
"Williamson, Philip",1
"Willis, Brian (ed.)",1
"Willis, Connie",7
"Willis, Connie & Felice, Cynthia",2
"Wilson, Colin",3
"Wilson, Richard",4
"Wilson, Robert Anton",5
"Wilson, Robin Scott (ed.)",1
"Windling, Terri (ed.)",2
"Wingrove, David",5
"Winterbotham, Russ",3
"Wise, Robert",1
"Wolfe, Bernard",1
"Wolfe, Gene",24
"Wollheim, Donald A. (ed.)",5
"Wood, N. Lee",2
"Woodhouse, Martin",1
"Wright, Austin Tappan",1
"Wright, John C.",3
"Wright, Lan",5
"Wright, S. Fowler",2
"Wright, Susan",1
"Wu, Ch'eng-en",1
"Wurts, Janny",8
"Wyatt, Patrick",1
"Wylie, Jonathan",1
"Wyndham, John",9
"Wyndham, John & Beynon, John ",2
"Yarbro, Chelsea Quinn",3
"Yates, Alan",1
"Yeovil, Jack",1
"Yep, Laurence",1
"Young, Roger Flint",3
"Yu, Chrles",1
"Zahn, Timothy",4
"Zamyatin, Yevgeny",1
"Zebrowski, George",3
"Zeigfreid, Karl",2
"Zelazny, Robert & Thomas, Thomas T.",1
"Zelazny, Roger",50
"Zelazny, Roger & Lindskold, Jane M.",1
"Zelazny, Roger & Saberhagen, Fred",1
"Zelazny, Roger & Saberhagen, Fred ",1
"Zerwick, Chloe",1
"Zetford, Tully",3
"Zettel, Sarah",1
"Zindell, David",3
"Zool, M. H.",1
"de Bergerac, Cyrano",1
"de Camp, L. Sprague",30
"de Camp, L. Sprague & Carter, Lin",1
"de Camp, L. Sprague and Pratt, Fletcher",1
"de Lint, Charles",2
"de Times, Graeme",1
"deFord, Miriam Allen",1
"del Rey, Judy-Lynn",1
"del Rey, Lester",10
"le Guin, Ursula K.",4
"van Lustbader, Eric",2
"van Scyoc, Sydney J.",3
"van Thal, Herbert",1
"van Thal, Herbert (ed.)",2
"van Vogt, A. E.",42
"van Vogt, A. E. & Hull, E. Mayne",3
